{"cameraMode":{"drawMode":0,"name":"Shaded","section":"Shading Mode"},"sceneLighting":true,"audioPlay":false,"sceneViewState":{"m_AlwaysRefresh":true,"showFog":true,"showSkybox":true,"showFlares":true,"showImageEffects":true,"showParticleSystems":true,"showVisualEffectGraphs":true,"m_FxEnabled":true},"in2DMode":false,"pivot":{"x":175.59295654296876,"y":402.61041259765627,"z":218.888916015625},"rotation":{"x":-0.16730575263500215,"y":-0.050534628331661227,"z":0.008546742610633374,"w":-0.9846147298812866},"size":792.5553588867188,"orthographic":false}